{"ColorSpace":"RGB","length":255,"ColorMap":[[256,247.968505859375,251.98439025878906],[255.5243377685547,247.56796264648438,251.75906372070312],[255.04867553710938,247.1674041748047,251.53375244140625],[254.57301330566406,246.766845703125,251.3084259033203],[254.09735107421875,246.3662872314453,251.08309936523438],[253.62168884277344,245.9657440185547,250.8577880859375],[253.14602661132812,245.565185546875,250.63246154785156],[252.67037963867188,245.1646270751953,250.4071502685547],[252.19471740722656,244.76406860351562,250.18182373046875],[251.71905517578125,244.363525390625,249.95651245117188],[251.24339294433594,243.9629669189453,249.73118591308594],[250.76773071289062,243.56240844726562,249.50587463378906],[250.2920684814453,243.16184997558594,249.28054809570312],[249.81640625,242.7613067626953,249.05523681640625],[249.3407440185547,242.36074829101562,248.8299102783203],[248.86508178710938,241.96018981933594,248.60459899902344],[248.38941955566406,241.55963134765625,248.3792724609375],[247.91375732421875,241.15908813476562,248.15396118164062],[247.43809509277344,240.75852966308594,247.9286346435547],[246.96243286132812,240.35797119140625,247.70330810546875],[246.4867706298828,239.95741271972656,247.47799682617188],[246.01112365722656,239.55686950683594,247.25267028808594],[245.53546142578125,239.15631103515625,247.02735900878906],[245.05979919433594,238.75575256347656,246.80203247070312],[244.58413696289062,238.35519409179688,246.57672119140625],[244.1084747314453,237.95465087890625,246.3513946533203],[243.6328125,237.55409240722656,246.12608337402344],[243.1571502685547,237.15353393554688,245.9007568359375],[242.68148803710938,236.7529754638672,245.67544555664062],[242.20582580566406,236.35243225097656,245.4501190185547],[241.73016357421875,235.95187377929688,245.2248077392578],[241.25450134277344,235.5513153076172,244.99948120117188],[240.77883911132812,235.1507568359375,244.774169921875],[240.3031768798828,234.75021362304688,244.54884338378906],[239.8275146484375,234.3496551513672,244.3235321044922],[239.35186767578125,233.9490966796875,244.09820556640625],[238.87620544433594,233.5485382080078,243.8728790283203],[238.40054321289062,233.1479949951172,243.64756774902344],[237.9248809814453,232.7474365234375,243.4222412109375],[237.44921875,232.3468780517578,243.19692993164062],[236.60157775878906,231.6799774169922,242.83294677734375],[235.75393676757812,231.01309204101562,242.46896362304688],[234.9062957763672,230.34619140625,242.10496520996094],[234.05865478515625,229.67929077148438,241.74098205566406],[233.2110137939453,229.0124053955078,241.3769989013672],[232.36337280273438,228.3455047607422,241.0130157470703],[231.5157470703125,227.67860412597656,240.64903259277344],[230.66810607910156,227.01171875,240.28504943847656],[229.82046508789062,226.34481811523438,239.9210662841797],[228.9728240966797,225.67791748046875,239.55706787109375],[228.12518310546875,225.0110321044922,239.19308471679688],[227.2775421142578,224.34413146972656,238.8291015625],[226.42990112304688,223.67723083496094,238.46511840820312],[225.58226013183594,223.01034545898438,238.10113525390625],[224.73463439941406,222.34344482421875,237.73715209960938],[223.88699340820312,221.67654418945312,237.37315368652344],[223.0393524169922,221.00965881347656,237.00917053222656],[222.19171142578125,220.34275817871094,236.6451873779297],[221.3440704345703,219.67587280273438,236.2812042236328],[220.49642944335938,219.00897216796875,235.91722106933594],[219.64878845214844,218.34207153320312,235.55323791503906],[218.8011474609375,217.67518615722656,235.1892547607422],[217.95350646972656,217.00828552246094,234.82525634765625],[217.1058807373047,216.3413848876953,234.46127319335938],[216.25823974609375,215.67449951171875,234.0972900390625],[215.4105987548828,215.00759887695312,233.73330688476562],[214.56295776367188,214.3406982421875,233.36932373046875],[213.71531677246094,213.67381286621094,233.00534057617188],[212.86767578125,213.0069122314453,232.641357421875],[212.02003479003906,212.3400115966797,232.27735900878906],[211.17239379882812,211.67312622070312,231.9133758544922],[210.3247528076172,211.0062255859375,231.5493927001953],[209.4771270751953,210.33932495117188,231.18540954589844],[208.12229919433594,209.68756103515625,230.82701110839844],[206.76748657226562,209.0358123779297,230.4686279296875],[205.41265869140625,208.38404846191406,230.1102294921875],[204.05784606933594,207.73228454589844,229.75184631347656],[202.70303344726562,207.08053588867188,229.39344787597656],[201.34820556640625,206.42877197265625,229.03506469726562],[199.99339294433594,205.77700805664062,228.67666625976562],[198.63858032226562,205.12525939941406,228.31826782226562],[197.28375244140625,204.47349548339844,227.9598846435547],[195.92893981933594,203.8217315673828,227.6014862060547],[194.57412719726562,203.1699676513672,227.24310302734375],[193.21929931640625,202.51821899414062,226.88470458984375],[191.86448669433594,201.866455078125,226.5263214111328],[190.50967407226562,201.21469116210938,226.1679229736328],[189.15484619140625,200.5629425048828,225.8095245361328],[187.80003356933594,199.9111785888672,225.45114135742188],[186.44520568847656,199.25941467285156,225.09274291992188],[185.09039306640625,198.60765075683594,224.73435974121094],[183.73558044433594,197.95590209960938,224.37596130371094],[182.38075256347656,197.30413818359375,224.017578125],[181.02593994140625,196.65237426757812,223.6591796875],[179.67112731933594,196.00062561035156,223.30079650878906],[178.31629943847656,195.34886169433594,222.94239807128906],[176.96148681640625,194.6970977783203,222.58399963378906],[175.60667419433594,194.0453338623047,222.22561645507812],[174.25184631347656,193.39358520507812,221.86721801757812],[172.89703369140625,192.7418212890625,221.5088348388672],[171.54222106933594,192.09005737304688,221.1504364013672],[170.18739318847656,191.4383087158203,220.79205322265625],[168.83258056640625,190.7865447998047,220.43365478515625],[167.47775268554688,190.13478088378906,220.0752716064453],[154.4779510498047,184.9183349609375,216.95033264160156],[141.4781494140625,179.70188903808594,213.82540893554688],[128.47833251953125,174.48544311523438,210.7004852294922],[115.47853088378906,169.2689971923828,207.57554626464844],[114.58831787109375,168.9100341796875,207.3601837158203],[113.6980972290039,168.5510711669922,207.14480590820312],[112.8078842163086,168.19212341308594,206.92942810058594],[111.91767120361328,167.83316040039062,206.71405029296875],[111.02745819091797,167.47421264648438,206.49867248535156],[110.13724517822266,167.11524963378906,206.28329467773438],[109.24703216552734,166.75628662109375,206.06793212890625],[108.35681915283203,166.3973388671875,205.85255432128906],[107.46660614013672,166.0383758544922,205.63717651367188],[106.5763931274414,165.67941284179688,205.4217987060547],[105.6861801147461,165.32046508789062,205.2064208984375],[104.79596710205078,164.9615020751953,204.99105834960938],[103.90575408935547,164.60255432128906,204.7756805419922],[103.01553344726562,164.24359130859375,204.560302734375],[102.12532043457031,163.88462829589844,204.3449249267578],[101.235107421875,163.5256805419922,204.12954711914062],[100.34489440917969,163.16671752929688,203.91416931152344],[99.45468139648438,162.80776977539062,203.6988067626953],[98.56446838378906,162.4488067626953,203.48342895507812],[97.67425537109375,162.08984375,203.26805114746094],[96.78404235839844,161.73089599609375,203.05267333984375],[95.89382934570312,161.37193298339844,202.83729553222656],[95.00361633300781,161.01296997070312,202.62193298339844],[94.1134033203125,160.65402221679688,202.40655517578125],[93.22319030761719,160.29505920410156,202.19117736816406],[92.33296966552734,159.9361114501953,201.97579956054688],[91.44275665283203,159.5771484375,201.7604217529297],[90.55254364013672,159.2181854248047,201.5450439453125],[89.6623306274414,158.85923767089844,201.32968139648438],[88.7721176147461,158.50027465820312,201.1143035888672],[87.88190460205078,